"Name","County","Pop","Type","Scraped Form","Wiki Form","URL"
"Aberdeen Township","Monmouth",18210,"Township","Faulkner Act (Council-Manager)","Faulkner Act (Council-Manager)","https://en.wikipedia.org/wiki/Aberdeen_Township,_New_Jersey"
"Absecon","Atlantic",8411,"City","City","City (New Jersey)","https://en.wikipedia.org/wiki/Absecon,_New_Jersey"
"Alexandria Township","Hunterdon",4938,"Township","Township",,"https://en.wikipedia.org/wiki/Alexandria_Township,_New_Jersey"
"Allamuchy Township","Warren",4323,"Township","Faulkner Act (Small Municipality)","Faulkner Act (Small Municipality)","https://en.wikipedia.org/wiki/Allamuchy_Township,_New_Jersey"
"Allendale","Bergen",6505,"Borough","Borough",,"https://en.wikipedia.org/wiki/Allendale,_New_Jersey"
"Allenhurst","Monmouth",496,"Borough","Walsh Act","Walsh Act","https://en.wikipedia.org/wiki/Allenhurst,_New_Jersey"
"Allentown","Monmouth",1828,"Borough","Borough",,"https://en.wikipedia.org/wiki/Allentown,_New_Jersey"
"Alloway Township","Salem",3467,"Township","Township",,"https://en.wikipedia.org/wiki/Alloway_Township,_New_Jersey"
"Alpha","Warren",2369,"Borough","Borough",,"https://en.wikipedia.org/wiki/Alpha,_New_Jersey"
"Alpine","Bergen",1849,"Borough","Borough",,"https://en.wikipedia.org/wiki/Alpine,_New_Jersey"
"Andover","Sussex",606,"Borough","Borough",,"https://en.wikipedia.org/wiki/Andover,_New_Jersey"
"Andover Township","Sussex",6319,"Township","Township",,"https://en.wikipedia.org/wiki/Andover_Township,_New_Jersey"
"Asbury Park","Monmouth",16116,"City","1923 Municipal Manager Law","1923 Municipal Manager Law","https://en.wikipedia.org/wiki/Asbury_Park,_New_Jersey"
"Atlantic City","Atlantic",39558,"City","Faulkner Act (Mayor-Council)","Faulkner Act (Mayor-Council)","https://en.wikipedia.org/wiki/Atlantic_City,_New_Jersey"
"Atlantic Highlands","Monmouth",4385,"Borough","Borough",,"https://en.wikipedia.org/wiki/Atlantic_Highlands,_New_Jersey"
"Audubon","Camden",8819,"Borough","Walsh Act","Walsh Act","https://en.wikipedia.org/wiki/Audubon,_New_Jersey"
"Audubon Park","Camden",1023,"Borough","Borough",,"https://en.wikipedia.org/wiki/Audubon_Park,_New_Jersey"
"Avalon","Cape May",1334,"Borough","Faulkner Act (Mayor-Council)",,"https://en.wikipedia.org/wiki/Avalon,_New_Jersey"
"Avon-by-the-Sea","Monmouth",1901,"Borough","Walsh Act","Walsh Act","https://en.wikipedia.org/wiki/Avon-by-the-Sea,_New_Jersey"
"Barnegat Light","Ocean",574,"Borough","Borough",,"https://en.wikipedia.org/wiki/Barnegat_Light,_New_Jersey"
"Barnegat Township","Ocean",20936,"Township","Township",,"https://en.wikipedia.org/wiki/Barnegat_Township,_New_Jersey"
"Barrington","Camden",6983,"Borough","Borough",,"https://en.wikipedia.org/wiki/Barrington,_New_Jersey"
"Bass River Township","Burlington",1443,"Township","Walsh Act","Walsh Act","https://en.wikipedia.org/wiki/Bass_River_Township,_New_Jersey"
"Bay Head","Ocean",968,"Borough","Borough",,"https://en.wikipedia.org/wiki/Bay_Head,_New_Jersey"
"Bayonne","Hudson",63024,"City","Faulkner Act (Mayor-Council)","Faulkner Act (Mayor-Council)","https://en.wikipedia.org/wiki/Bayonne,_New_Jersey"
"Beach Haven","Ocean",1170,"Borough","Faulkner Act (Council-Manager)","Walsh Act","https://en.wikipedia.org/wiki/Beach_Haven,_New_Jersey"
"Beachwood","Ocean",11045,"Borough","Borough",,"https://en.wikipedia.org/wiki/Beachwood,_New_Jersey"
"Bedminster","Somerset",8165,"Township","Township",,"https://en.wikipedia.org/wiki/Bedminster,_New_Jersey"
"Belleville","Essex",35926,"Township","Faulkner Act (Council-Manager)","Faulkner Act (Council-Manager)","https://en.wikipedia.org/wiki/Belleville,_New_Jersey"
"Bellmawr","Camden",11583,"Borough","Borough",,"https://en.wikipedia.org/wiki/Bellmawr,_New_Jersey"
"Belmar","Monmouth",5794,"Borough","Faulkner Act (Small Municipality)","Faulkner Act (Small Municipality)","https://en.wikipedia.org/wiki/Belmar,_New_Jersey"
"Belvidere","Warren",2681,"Town","Town","Town (New Jersey)","https://en.wikipedia.org/wiki/Belvidere,_New_Jersey"
"Bergenfield","Bergen",26764,"Borough","Borough","Borough (New Jersey)","https://en.wikipedia.org/wiki/Bergenfield,_New_Jersey"
"Berkeley Heights","Union",13183,"Township","Faulkner Act (Mayor-Council-Administrator)",,"https://en.wikipedia.org/wiki/Berkeley_Heights,_New_Jersey"
"Berkeley Township","Ocean",41255,"Township","Faulkner Act (Mayor-Council)","Faulkner Act (Mayor-Council)","https://en.wikipedia.org/wiki/Berkeley_Township,_New_Jersey"
"Berlin","Camden",7588,"Borough","Borough",,"https://en.wikipedia.org/wiki/Berlin,_New_Jersey"
"Berlin Township","Camden",5357,"Township","Faulkner Act (Small Municipality)","Faulkner Act (Small Municipality)","https://en.wikipedia.org/wiki/Berlin_Township,_New_Jersey"
"Bernards Township","Somerset",26652,"Township","Township","Township (New Jersey)","https://en.wikipedia.org/wiki/Bernards_Township,_New_Jersey"
"Bernardsville","Somerset",7707,"Borough","Borough",,"https://en.wikipedia.org/wiki/Bernardsville,_New_Jersey"
"Bethlehem Township","Hunterdon",3979,"Township","Township",,"https://en.wikipedia.org/wiki/Bethlehem_Township,_New_Jersey"
"Beverly","Burlington",2577,"City","City","City (New Jersey)","https://en.wikipedia.org/wiki/Beverly,_New_Jersey"
"Blairstown","Warren",5967,"Township","Township",,"https://en.wikipedia.org/wiki/Blairstown,_New_Jersey"
"Bloomfield","Essex",47315,"Township","Special Charter","Special Charter (New Jersey)","https://en.wikipedia.org/wiki/Bloomfield,_New_Jersey"
"Bloomingdale","Passaic",7656,"Borough","Borough",,"https://en.wikipedia.org/wiki/Bloomingdale,_New_Jersey"
"Bloomsbury","Hunterdon",870,"Borough","Borough",,"https://en.wikipedia.org/wiki/Bloomsbury,_New_Jersey"
"Bogota","Bergen",8187,"Borough","Borough",,"https://en.wikipedia.org/wiki/Bogota,_New_Jersey"
"Boonton","Morris",8347,"Town","Town","Town (New Jersey)","https://en.wikipedia.org/wiki/Boonton,_New_Jersey"
"Boonton Township","Morris",4263,"Township","Township",,"https://en.wikipedia.org/wiki/Boonton_Township,_New_Jersey"
"Bordentown","Burlington",3924,"City","Walsh Act","Walsh Act","https://en.wikipedia.org/wiki/Bordentown,_New_Jersey"
"Bordentown Township","Burlington",11367,"Township","Township",,"https://en.wikipedia.org/wiki/Bordentown_Township,_New_Jersey"
"Bound Brook","Somerset",10402,"Borough","Borough",,"https://en.wikipedia.org/wiki/Bound_Brook,_New_Jersey"
"Bradley Beach","Monmouth",4298,"Borough","Faulkner Act (Small Municipality)","Faulkner Act (Small Municipality)","https://en.wikipedia.org/wiki/Bradley_Beach,_New_Jersey"
"Branchburg","Somerset",14459,"Township","Township",,"https://en.wikipedia.org/wiki/Branchburg,_New_Jersey"
"Branchville","Sussex",841,"Borough","Borough",,"https://en.wikipedia.org/wiki/Branchville,_New_Jersey"
"Brick Township","Ocean",75072,"Township","Faulkner Act (Mayor-Council)","Faulkner Act (Mayor-Council)","https://en.wikipedia.org/wiki/Brick_Township,_New_Jersey"
"Bridgeton","Cumberland",25349,"City","Faulkner Act (Mayor-Council)","Faulkner Act (Mayor-Council)","https://en.wikipedia.org/wiki/Bridgeton,_New_Jersey"
"Bridgewater Township","Somerset",44464,"Township","Faulkner Act (Mayor-Council)","Faulkner Act (Mayor-Council)","https://en.wikipedia.org/wiki/Bridgewater_Township,_New_Jersey"
"Brielle","Monmouth",4774,"Borough","Borough",,"https://en.wikipedia.org/wiki/Brielle,_New_Jersey"
"Brigantine","Atlantic",9450,"City","Faulkner Act (Council-Manager)","Faulkner Act (Council-Manager)","https://en.wikipedia.org/wiki/Brigantine,_New_Jersey"
"Brooklawn","Camden",1955,"Borough","Borough",,"https://en.wikipedia.org/wiki/Brooklawn,_New_Jersey"
"Buena","Atlantic",4603,"Borough","Borough",,"https://en.wikipedia.org/wiki/Buena,_New_Jersey"
"Buena Vista Township","Atlantic",7570,"Township","Township",,"https://en.wikipedia.org/wiki/Buena_Vista_Township,_New_Jersey"
"Burlington","Burlington",9920,"City","Faulkner Act (Mayor-Council)",,"https://en.wikipedia.org/wiki/Burlington,_New_Jersey"
"Burlington Township","Burlington",22594,"Township","Faulkner Act (Mayor-Council)",,"https://en.wikipedia.org/wiki/Burlington_Township,_New_Jersey"
"Butler","Morris",7539,"Borough","Borough",,"https://en.wikipedia.org/wiki/Butler,_New_Jersey"
"Byram Township","Sussex",8350,"Township","Faulkner Act (Council-Manager)","Faulkner Act (Council-Manager)","https://en.wikipedia.org/wiki/Byram_Township,_New_Jersey"
"Caldwell","Essex",7822,"Borough","Borough",,"https://en.wikipedia.org/wiki/Caldwell,_New_Jersey"
"Califon","Hunterdon",1076,"Borough","Borough",,"https://en.wikipedia.org/wiki/Califon,_New_Jersey"
"Camden","Camden",77344,"City","Faulkner Act (Mayor-Council)","Faulkner Act (Mayor-Council)","https://en.wikipedia.org/wiki/Camden,_New_Jersey"
"Cape May","Cape May",3607,"City","Faulkner Act (Council-Manager)","Faulkner Act (Council-Manager)","https://en.wikipedia.org/wiki/Cape_May,_New_Jersey"
"Cape May Point","Cape May",291,"Borough","Walsh Act","Walsh Act","https://en.wikipedia.org/wiki/Cape_May_Point,_New_Jersey"
"Carlstadt","Bergen",6127,"Borough","Borough",,"https://en.wikipedia.org/wiki/Carlstadt,_New_Jersey"
"Carneys Point Township","Salem",8049,"Township","Township",,"https://en.wikipedia.org/wiki/Carneys_Point_Township,_New_Jersey"
"Carteret","Middlesex",22844,"Borough","Borough",,"https://en.wikipedia.org/wiki/Carteret,_New_Jersey"
"Cedar Grove","Essex",12411,"Township","Faulkner Act (Council-Manager)","Faulkner Act (Council-Manager)","https://en.wikipedia.org/wiki/Cedar_Grove,_New_Jersey"
"Chatham Borough","Morris",8962,"Borough","Borough",,"https://en.wikipedia.org/wiki/Chatham_Borough,_New_Jersey"
"Chatham Township","Morris",10452,"Township","Township",,"https://en.wikipedia.org/wiki/Chatham_Township,_New_Jersey"
"Cherry Hill","Camden",71045,"Township","Faulkner Act (Mayor-Council)","Faulkner Act (Mayor-Council)","https://en.wikipedia.org/wiki/Cherry_Hill,_New_Jersey"
"Chesilhurst","Camden",1634,"Borough","Borough",,"https://en.wikipedia.org/wiki/Chesilhurst,_New_Jersey"
"Chester Borough","Morris",1649,"Borough","Borough",,"https://en.wikipedia.org/wiki/Chester_Borough,_New_Jersey"
"Chester Township","Morris",7838,"Township","Faulkner Act (Small Municipality)","Faulkner Act (Small Municipality)","https://en.wikipedia.org/wiki/Chester_Township,_New_Jersey"
"Chesterfield Township","Burlington",7699,"Township","Township",,"https://en.wikipedia.org/wiki/Chesterfield_Township,_New_Jersey"
"Cinnaminson Township","Burlington",15569,"Township","Township",,"https://en.wikipedia.org/wiki/Cinnaminson_Township,_New_Jersey"
"Clark","Union",14756,"Township","Faulkner Act (Mayor-Council)",,"https://en.wikipedia.org/wiki/Clark,_New_Jersey"
"Clayton","Gloucester",8179,"Borough","Borough",,"https://en.wikipedia.org/wiki/Clayton,_New_Jersey"
"Clementon","Camden",5000,"Borough","Borough",,"https://en.wikipedia.org/wiki/Clementon,_New_Jersey"
"Cliffside Park","Bergen",23594,"Borough","Borough",,"https://en.wikipedia.org/wiki/Cliffside_Park,_New_Jersey"
"Clifton","Passaic",84136,"City","1923 Municipal Manager Law","1923 Municipal Manager Law","https://en.wikipedia.org/wiki/Clifton,_New_Jersey"
"Clinton","Hunterdon",2719,"Town","Town","Town (New Jersey)","https://en.wikipedia.org/wiki/Clinton,_New_Jersey"
"Clinton Township","Hunterdon",13478,"Township","Faulkner Act (Small Municipality)","Faulkner Act (Small Municipality)","https://en.wikipedia.org/wiki/Clinton_Township,_New_Jersey"
"Closter","Bergen",8373,"Borough","Borough",,"https://en.wikipedia.org/wiki/Closter,_New_Jersey"
"Collingswood","Camden",13926,"Borough","Walsh Act","Walsh Act","https://en.wikipedia.org/wiki/Collingswood,_New_Jersey"
"Colts Neck Township","Monmouth",10142,"Township","Township",,"https://en.wikipedia.org/wiki/Colts_Neck_Township,_New_Jersey"
"Commercial Township","Cumberland",5178,"Township","Township",,"https://en.wikipedia.org/wiki/Commercial_Township,_New_Jersey"
"Corbin City","Atlantic",492,"City","Faulkner Act (Mayor-Council)","City (New Jersey)","https://en.wikipedia.org/wiki/Corbin_City,_New_Jersey"
"Cranbury","Middlesex",3857,"Township","Township",,"https://en.wikipedia.org/wiki/Cranbury,_New_Jersey"
"Cranford","Union",22625,"Township","Township",,"https://en.wikipedia.org/wiki/Cranford,_New_Jersey"
"Cresskill","Bergen",8573,"Borough","Borough",,"https://en.wikipedia.org/wiki/Cresskill,_New_Jersey"
"Deal","Monmouth",750,"Borough","Walsh Act","Walsh Act","https://en.wikipedia.org/wiki/Deal,_New_Jersey"
"Deerfield Township","Cumberland",3119,"Township","Township",,"https://en.wikipedia.org/wiki/Deerfield_Township,_New_Jersey"
"Delanco Township","Burlington",4283,"Township","Township",,"https://en.wikipedia.org/wiki/Delanco_Township,_New_Jersey"
"Delaware Township","Hunterdon",4563,"Township","Township",,"https://en.wikipedia.org/wiki/Delaware_Township,_Hunterdon_County,_New_Jersey"
"Delran Township","Burlington",16896,"Township","Faulkner Act (Mayor-Council)",,"https://en.wikipedia.org/wiki/Delran_Township,_New_Jersey"
"Demarest","Bergen",4881,"Borough","Borough",,"https://en.wikipedia.org/wiki/Demarest,_New_Jersey"
"Dennis Township","Cape May",6467,"Township","Township",,"https://en.wikipedia.org/wiki/Dennis_Township,_New_Jersey"
"Denville","Morris",16635,"Township","Faulkner Act (Mayor-Council)",,"https://en.wikipedia.org/wiki/Denville,_New_Jersey"
"Deptford Township","Gloucester",30561,"Township","Faulkner Act (Council-Manager)","Faulkner Act (Council-Manager)","https://en.wikipedia.org/wiki/Deptford_Township,_New_Jersey"
"Dover","Morris",18157,"Town","Town","Town (New Jersey)","https://en.wikipedia.org/wiki/Dover,_New_Jersey"
"Downe Township","Cumberland",1585,"Township","Township",,"https://en.wikipedia.org/wiki/Downe_Township,_New_Jersey"
"Dumont","Bergen",17479,"Borough","Borough",,"https://en.wikipedia.org/wiki/Dumont,_New_Jersey"
"Dunellen","Middlesex",7227,"Borough","Borough",,"https://en.wikipedia.org/wiki/Dunellen,_New_Jersey"
"Eagleswood Township","Ocean",1603,"Township","Township",,"https://en.wikipedia.org/wiki/Eagleswood_Township,_New_Jersey"
"East Amwell Township","Hunterdon",4013,"Township","Township",,"https://en.wikipedia.org/wiki/East_Amwell_Township,_New_Jersey"
"East Brunswick","Middlesex",47512,"Township","Faulkner Act (Mayor-Council)","Faulkner Act (Mayor-Council)","https://en.wikipedia.org/wiki/East_Brunswick,_New_Jersey"
"East Greenwich Township","Gloucester",9555,"Township","Township",,"https://en.wikipedia.org/wiki/East_Greenwich_Township,_New_Jersey"
"East Hanover","Morris",11157,"Township","Faulkner Act (Small Municipality)","Faulkner Act (Small Municipality)","https://en.wikipedia.org/wiki/East_Hanover,_New_Jersey"
"East Newark","Hudson",2406,"Borough","Borough",,"https://en.wikipedia.org/wiki/East_Newark,_New_Jersey"
"East Orange","Essex",64270,"City","City","City (New Jersey)","https://en.wikipedia.org/wiki/East_Orange,_New_Jersey"
"East Rutherford","Bergen",8913,"Borough","Borough",,"https://en.wikipedia.org/wiki/East_Rutherford,_New_Jersey"
"East Windsor Township","Mercer",27190,"Township","Faulkner Act (Council-Manager)","Faulkner Act (Council-Manager)","https://en.wikipedia.org/wiki/East_Windsor_Township,_New_Jersey"
"Eastampton Township","Burlington",6069,"Township","Faulkner Act (Council-Manager)","Faulkner Act (Council-Manager)","https://en.wikipedia.org/wiki/Eastampton_Township,_New_Jersey"
"Eatontown","Monmouth",12709,"Borough","Borough",,"https://en.wikipedia.org/wiki/Eatontown,_New_Jersey"
"Edgewater","Bergen",11513,"Borough","Borough",,"https://en.wikipedia.org/wiki/Edgewater,_New_Jersey"
"Edgewater Park Township","Burlington",8881,"Township","Township",,"https://en.wikipedia.org/wiki/Edgewater_Park_Township,_New_Jersey"
"Edison","Middlesex",99967,"Township","Faulkner Act (Mayor-Council)","Faulkner Act (Mayor-Council)","https://en.wikipedia.org/wiki/Edison,_New_Jersey"
"Egg Harbor City","Atlantic",4243,"City","Faulkner Act (Small Municipality)","City (New Jersey)","https://en.wikipedia.org/wiki/Egg_Harbor_City,_New_Jersey"
"Egg Harbor Township","Atlantic",43323,"Township","Township","Township (New Jersey)","https://en.wikipedia.org/wiki/Egg_Harbor_Township,_New_Jersey"
"Elizabeth","Union",124969,"City","Faulkner Act (Mayor-Council)","Faulkner Act (Mayor-Council)","https://en.wikipedia.org/wiki/Elizabeth,_New_Jersey"
"Elk Township","Gloucester",4216,"Township","Township",,"https://en.wikipedia.org/wiki/Elk_Township,_New_Jersey"
"Elmer","Salem",1395,"Borough","Borough",,"https://en.wikipedia.org/wiki/Elmer,_New_Jersey"
"Elmwood Park","Bergen",19403,"Borough","Borough",,"https://en.wikipedia.org/wiki/Elmwood_Park,_New_Jersey"
"Elsinboro Township","Salem",1036,"Township","Township",,"https://en.wikipedia.org/wiki/Elsinboro_Township,_New_Jersey"
"Emerson","Bergen",7401,"Borough","Borough",,"https://en.wikipedia.org/wiki/Emerson,_New_Jersey"
"Englewood","Bergen",27147,"City","Special Charter","Special Charter (New Jersey)","https://en.wikipedia.org/wiki/Englewood,_New_Jersey"
"Englewood Cliffs","Bergen",5281,"Borough","Borough",,"https://en.wikipedia.org/wiki/Englewood_Cliffs,_New_Jersey"
"Englishtown","Monmouth",1847,"Borough","Borough",,"https://en.wikipedia.org/wiki/Englishtown,_New_Jersey"
"Essex Fells","Essex",2113,"Borough","Borough",,"https://en.wikipedia.org/wiki/Essex_Fells,_New_Jersey"
"Estell Manor","Atlantic",1735,"City","Faulkner Act (Small Municipality)","Faulkner Act (Small Municipality)","https://en.wikipedia.org/wiki/Estell_Manor,_New_Jersey"
"Evesham Township","Burlington",45538,"Township","Faulkner Act (Council-Manager)","Faulkner Act (Council-Manager)","https://en.wikipedia.org/wiki/Evesham_Township,_New_Jersey"
"Ewing Township","Mercer",35790,"Township","Faulkner Act (Mayor-Council)","Faulkner Act (Mayor-Council)","https://en.wikipedia.org/wiki/Ewing_Township,_New_Jersey"
"Fair Haven","Monmouth",6121,"Borough","Borough",,"https://en.wikipedia.org/wiki/Fair_Haven,_New_Jersey"
"Fair Lawn","Bergen",32457,"Borough","Faulkner Act (Council-Manager)","Faulkner Act (Council-Manager)","https://en.wikipedia.org/wiki/Fair_Lawn,_New_Jersey"
"Fairfield","Essex",7466,"Township","Faulkner Act (Mayor-Council)","Faulkner Act (Small Municipality)","https://en.wikipedia.org/wiki/Fairfield_Township,_Essex_County,_New_Jersey"
"Fairfield Township","Cumberland",6295,"Township","Township",,"https://en.wikipedia.org/wiki/Fairfield_Township,_Cumberland_County,_New_Jersey"
"Fairview","Bergen",13835,"Borough","Borough",,"https://en.wikipedia.org/wiki/Fairview,_Bergen_County,_New_Jersey"
"Fanwood","Union",7318,"Borough","Borough",,"https://en.wikipedia.org/wiki/Fanwood,_New_Jersey"
"Far Hills","Somerset",919,"Borough","Borough",,"https://en.wikipedia.org/wiki/Far_Hills,_New_Jersey"
"Farmingdale","Monmouth",1329,"Borough","Borough",,"https://en.wikipedia.org/wiki/Farmingdale,_New_Jersey"
"Fieldsboro","Burlington",540,"Borough","Borough",,"https://en.wikipedia.org/wiki/Fieldsboro,_New_Jersey"
"Flemington","Hunterdon",4581,"Borough","Borough",,"https://en.wikipedia.org/wiki/Flemington,_New_Jersey"
"Florence Township","Burlington",12109,"Township","Faulkner Act (Mayor-Council)",,"https://en.wikipedia.org/wiki/Florence_Township,_New_Jersey"
"Florham Park","Morris",11696,"Borough","Borough",,"https://en.wikipedia.org/wiki/Florham_Park,_New_Jersey"
"Folsom","Atlantic",1885,"Borough","Borough",,"https://en.wikipedia.org/wiki/Folsom,_New_Jersey"
"Fort Lee","Bergen",35345,"Borough","Borough","Borough (New Jersey)","https://en.wikipedia.org/wiki/Fort_Lee,_New_Jersey"
"Frankford Township","Sussex",5565,"Township","Township",,"https://en.wikipedia.org/wiki/Frankford_Township,_New_Jersey"
"Franklin","Sussex",5045,"Borough","Borough",,"https://en.wikipedia.org/wiki/Franklin,_New_Jersey"
"Franklin","Somerset",62300,"Township","Faulkner Act (Council-Manager)","Faulkner Act (Council-Manager)","https://en.wikipedia.org/wiki/Franklin_Township,_Somerset_County,_New_Jersey"
"Franklin","Hunterdon",3195,"Township","Township",,"https://en.wikipedia.org/wiki/Franklin_Township,_Hunterdon_County,_New_Jersey"
"Franklin","Warren",3176,"Township","Township",,"https://en.wikipedia.org/wiki/Franklin_Township,_Warren_County,_New_Jersey"
"Franklin Lakes","Bergen",10590,"Borough","Borough",,"https://en.wikipedia.org/wiki/Franklin_Lakes,_New_Jersey"
"Franklin Township","Gloucester",16820,"Township","Township",,"https://en.wikipedia.org/wiki/Franklin_Township,_Gloucester_County,_New_Jersey"
"Fredon Township","Sussex",3437,"Township","Township",,"https://en.wikipedia.org/wiki/Fredon_Township,_New_Jersey"
"Freehold Borough","Monmouth",12052,"Borough","Borough",,"https://en.wikipedia.org/wiki/Freehold_Borough,_New_Jersey"
"Freehold Township","Monmouth",36184,"Township","Township","Township (New Jersey)","https://en.wikipedia.org/wiki/Freehold_Township,_New_Jersey"
"Frelinghuysen Township","Warren",2230,"Township","Township",,"https://en.wikipedia.org/wiki/Frelinghuysen_Township,_New_Jersey"
"Frenchtown","Hunterdon",1373,"Borough","Borough",,"https://en.wikipedia.org/wiki/Frenchtown,_New_Jersey"
"Galloway Township","Atlantic",37349,"Township","Faulkner Act (Council-Manager)","Faulkner Act (Council-Manager)","https://en.wikipedia.org/wiki/Galloway_Township,_New_Jersey"
"Garfield","Bergen",30487,"City","1923 Municipal Manager Law","1923 Municipal Manager Law","https://en.wikipedia.org/wiki/Garfield,_New_Jersey"
"Garwood","Union",4226,"Borough","Borough",,"https://en.wikipedia.org/wiki/Garwood,_New_Jersey"
"Gibbsboro","Camden",2274,"Borough","Borough",,"https://en.wikipedia.org/wiki/Gibbsboro,_New_Jersey"
"Glassboro","Gloucester",18579,"Borough","Borough",,"https://en.wikipedia.org/wiki/Glassboro,_New_Jersey"
"Glen Gardner","Hunterdon",1704,"Borough","Borough",,"https://en.wikipedia.org/wiki/Glen_Gardner,_New_Jersey"
"Glen Ridge Borough","Essex",7527,"Borough","Borough",,"https://en.wikipedia.org/wiki/Glen_Ridge,_New_Jersey"
"Glen Rock","Bergen",11601,"Borough","Borough",,"https://en.wikipedia.org/wiki/Glen_Rock,_New_Jersey"
"Gloucester City","Camden",11456,"City","City","Special Charter (New Jersey)","https://en.wikipedia.org/wiki/Gloucester_City,_New_Jersey"
"Gloucester Township","Camden",64634,"Township","Faulkner Act (Mayor-Council)","Faulkner Act (Mayor-Council)","https://en.wikipedia.org/wiki/Gloucester_Township,_New_Jersey"
"Green Brook Township","Somerset",7203,"Township","Township",,"https://en.wikipedia.org/wiki/Green_Brook_Township,_New_Jersey"
"Green Township","Sussex",3601,"Township","Township",,"https://en.wikipedia.org/wiki/Green_Township,_New_Jersey"
"Greenwich","Cumberland",804,"Township","Township",,"https://en.wikipedia.org/wiki/Greenwich_Township,_Cumberland_County,_New_Jersey"
"Greenwich Township","Warren",5712,"Township","Township",,"https://en.wikipedia.org/wiki/Greenwich_Township,_Warren_County,_New_Jersey"
"Greenwich Township","Gloucester",4899,"Township","Township","Faulkner Act (Small Municipality)","https://en.wikipedia.org/wiki/Greenwich_Township,_Gloucester_County,_New_Jersey"
"Guttenberg","Hudson",11176,"Town","Town","Town (New Jersey)","https://en.wikipedia.org/wiki/Guttenberg,_New_Jersey"
"Hackensack","Bergen",43010,"City","1923 Municipal Manager Law","1923 Municipal Manager Law","https://en.wikipedia.org/wiki/Hackensack,_New_Jersey"
"Hackettstown","Warren",9724,"Town","Special Charter","Special Charter (New Jersey)","https://en.wikipedia.org/wiki/Hackettstown,_New_Jersey"
"Haddon Heights","Camden",7473,"Borough","Borough",,"https://en.wikipedia.org/wiki/Haddon_Heights,_New_Jersey"
"Haddon Township","Camden",14707,"Township","Walsh Act","Walsh Act","https://en.wikipedia.org/wiki/Haddon_Township,_New_Jersey"
"Haddonfield","Camden",11593,"Borough","Walsh Act","Walsh Act","https://en.wikipedia.org/wiki/Haddonfield,_New_Jersey"
"Hainesport Township","Burlington",6110,"Township","Township",,"https://en.wikipedia.org/wiki/Hainesport_Township,_New_Jersey"
"Haledon","Passaic",8318,"Borough","Borough",,"https://en.wikipedia.org/wiki/Haledon,_New_Jersey"
"Hamburg","Sussex",3277,"Borough","Borough",,"https://en.wikipedia.org/wiki/Hamburg,_New_Jersey"
"Hamilton","Mercer",88464,"Township","Faulkner Act (Mayor-Council)","Faulkner Act (Mayor-Council)","https://en.wikipedia.org/wiki/Hamilton_Township,_Mercer_County,_New_Jersey"
"Hamilton Township","Atlantic",26503,"Township","Township","Township (New Jersey)","https://en.wikipedia.org/wiki/Hamilton_Township,_Atlantic_County,_New_Jersey"
"Hammonton","Atlantic",14791,"Town","Town","Town (New Jersey)","https://en.wikipedia.org/wiki/Hammonton,_New_Jersey"
"Hampton","Hunterdon",1401,"Borough","Borough",,"https://en.wikipedia.org/wiki/Hampton,_New_Jersey"
"Hampton Township","Sussex",5196,"Township","Township",,"https://en.wikipedia.org/wiki/Hampton_Township,_New_Jersey"
"Hanover Township","Morris",13712,"Township","Township",,"https://en.wikipedia.org/wiki/Hanover_Township,_New_Jersey"
"Harding Township","Morris",3838,"Township","Township",,"https://en.wikipedia.org/wiki/Harding_Township,_New_Jersey"
"Hardwick Township","Warren",1696,"Township","Township",,"https://en.wikipedia.org/wiki/Hardwick_Township,_New_Jersey"
"Hardyston Township","Sussex",8213,"Township","Special Charter","Special Charter (New Jersey)","https://en.wikipedia.org/wiki/Hardyston_Township,_New_Jersey"
"Harmony Township","Warren",2667,"Township","Township",,"https://en.wikipedia.org/wiki/Harmony_Township,_New_Jersey"
"Harrington Park","Bergen",4664,"Borough","Borough",,"https://en.wikipedia.org/wiki/Harrington_Park,_New_Jersey"
"Harrison","Hudson",13620,"Town","Town","Town (New Jersey)","https://en.wikipedia.org/wiki/Harrison,_New_Jersey"
"Harrison Township","Gloucester",12417,"Township","Township",,"https://en.wikipedia.org/wiki/Harrison_Township,_New_Jersey"
"Harvey Cedars","Ocean",337,"Borough","Walsh Act","Walsh Act","https://en.wikipedia.org/wiki/Harvey_Cedars,_New_Jersey"
"Hasbrouck Heights","Bergen",11842,"Borough","Borough",,"https://en.wikipedia.org/wiki/Hasbrouck_Heights,_New_Jersey"
"Haworth","Bergen",3382,"Borough","Borough",,"https://en.wikipedia.org/wiki/Haworth,_New_Jersey"
"Hawthorne","Passaic",18791,"Borough","Faulkner Act (Mayor-Council)",,"https://en.wikipedia.org/wiki/Hawthorne,_New_Jersey"
"Hazlet","Monmouth",20334,"Township","Township",,"https://en.wikipedia.org/wiki/Hazlet,_New_Jersey"
"Helmetta","Middlesex",2178,"Borough","Borough",,"https://en.wikipedia.org/wiki/Helmetta,_New_Jersey"
"Hi-Nella","Camden",870,"Borough","Borough",,"https://en.wikipedia.org/wiki/Hi-Nella,_New_Jersey"
"High Bridge","Hunterdon",3648,"Borough","Borough",,"https://en.wikipedia.org/wiki/High_Bridge,_New_Jersey"
"Highland Park","Middlesex",13982,"Borough","Borough",,"https://en.wikipedia.org/wiki/Highland_Park,_New_Jersey"
"Highlands","Monmouth",5005,"Borough","Faulkner Act (Small Municipality)","Faulkner Act (Small Municipality)","https://en.wikipedia.org/wiki/Highlands,_New_Jersey"
"Hightstown","Mercer",5494,"Borough","Borough",,"https://en.wikipedia.org/wiki/Hightstown,_New_Jersey"
"Hillsborough Township","Somerset",38303,"Township","Township","Township (New Jersey)","https://en.wikipedia.org/wiki/Hillsborough_Township,_New_Jersey"
"Hillsdale","Bergen",10219,"Borough","Borough",,"https://en.wikipedia.org/wiki/Hillsdale,_New_Jersey"
"Hillside","Union",21404,"Township","Faulkner Act (Mayor-Council)",,"https://en.wikipedia.org/wiki/Hillside,_New_Jersey"
"Ho-Ho-Kus","Bergen",4078,"Borough","Borough",,"https://en.wikipedia.org/wiki/Ho-Ho-Kus,_New_Jersey"
"Hoboken","Hudson",50005,"City","Faulkner Act (Mayor-Council)","Faulkner Act (Mayor-Council)","https://en.wikipedia.org/wiki/Hoboken,_New_Jersey"
"Holland Township","Hunterdon",5291,"Township","Township",,"https://en.wikipedia.org/wiki/Holland_Township,_New_Jersey"
"Holmdel Township","Monmouth",16773,"Township","Township",,"https://en.wikipedia.org/wiki/Holmdel_Township,_New_Jersey"
"Hopatcong","Sussex",15147,"Borough","Borough",,"https://en.wikipedia.org/wiki/Hopatcong,_New_Jersey"
"Hope Township","Warren",1952,"Township","Township",,"https://en.wikipedia.org/wiki/Hope_Township,_New_Jersey"
"Hopewell","Mercer",1922,"Borough","Borough",,"https://en.wikipedia.org/wiki/Hopewell,_New_Jersey"
"Hopewell Township","Mercer",17304,"Township","Township",,"https://en.wikipedia.org/wiki/Hopewell_Township,_Mercer_County,_New_Jersey"
"Hopewell Township","Cumberland",4571,"Township","Township",,"https://en.wikipedia.org/wiki/Hopewell_Township,_Cumberland_County,_New_Jersey"
"Howell Township","Monmouth",51075,"Township","Faulkner Act (Council-Manager)","Faulkner Act (Council-Manager)","https://en.wikipedia.org/wiki/Howell_Township,_New_Jersey"
"Independence Township","Warren",5662,"Township","Township",,"https://en.wikipedia.org/wiki/Independence_Township,_New_Jersey"
"Interlaken","Monmouth",820,"Borough","Borough",,"https://en.wikipedia.org/wiki/Interlaken,_New_Jersey"
"Irvington","Essex",53926,"Township","Faulkner Act (Mayor-Council)","Faulkner Act (Mayor-Council)","https://en.wikipedia.org/wiki/Irvington,_New_Jersey"
"Island Heights","Ocean",1673,"Borough","Faulkner Act (Small Municipality)","Faulkner Act (Small Municipality)","https://en.wikipedia.org/wiki/Island_Heights,_New_Jersey"
"Jackson Township","Ocean",54856,"Township","Faulkner Act (Mayor-Council)","Faulkner Act (Mayor-Council)","https://en.wikipedia.org/wiki/Jackson_Township,_New_Jersey"
"Jamesburg","Middlesex",5915,"Borough","Borough",,"https://en.wikipedia.org/wiki/Jamesburg,_New_Jersey"
"Jefferson Township","Morris",21314,"Township","Faulkner Act (Mayor-Council)",,"https://en.wikipedia.org/wiki/Jefferson_Township,_New_Jersey"
"Jersey City","Hudson",247597,"City","Faulkner Act (Mayor-Council)","Faulkner Act (Mayor-Council)","https://en.wikipedia.org/wiki/Jersey_City,_New_Jersey"
"Keansburg","Monmouth",10105,"Borough","Faulkner Act (Council-Manager)","Faulkner Act (Council-Manager)","https://en.wikipedia.org/wiki/Keansburg,_New_Jersey"
"Kearny","Hudson",40684,"Town","Town","Town (New Jersey)","https://en.wikipedia.org/wiki/Kearny,_New_Jersey"
"Kenilworth","Union",7914,"Borough","Borough",,"https://en.wikipedia.org/wiki/Kenilworth,_New_Jersey"
"Keyport","Monmouth",7240,"Borough","Borough",,"https://en.wikipedia.org/wiki/Keyport,_New_Jersey"
"Kingwood Township","Hunterdon",3845,"Township","Township",,"https://en.wikipedia.org/wiki/Kingwood_Township,_New_Jersey"
"Kinnelon","Morris",10248,"Borough","Borough",,"https://en.wikipedia.org/wiki/Kinnelon,_New_Jersey"
"Knowlton Township","Warren",3055,"Township","Township",,"https://en.wikipedia.org/wiki/Knowlton_Township,_New_Jersey"
"Lacey Township","Ocean",27644,"Township","Township","Township (New Jersey)","https://en.wikipedia.org/wiki/Lacey_Township,_New_Jersey"
"Lafayette Township","Sussex",2538,"Township","Township",,"https://en.wikipedia.org/wiki/Lafayette_Township,_New_Jersey"
"Lake Como","Monmouth",1759,"Borough","Borough",,"https://en.wikipedia.org/wiki/Lake_Como,_New_Jersey"
"Lakehurst","Ocean",2654,"Borough","Borough",,"https://en.wikipedia.org/wiki/Lakehurst,_New_Jersey"
"Lakewood Township","Ocean",92843,"Township","Township","Faulkner Act (Mayor-Council)","https://en.wikipedia.org/wiki/Lakewood_Township,_New_Jersey"
"Lambertville","Hunterdon",3906,"City","Faulkner Act (Small Municipality)","Faulkner Act (Small Municipality)","https://en.wikipedia.org/wiki/Lambertville,_New_Jersey"
"Laurel Springs","Camden",1908,"Borough","Borough",,"https://en.wikipedia.org/wiki/Laurel_Springs,_New_Jersey"
"Lavallette","Ocean",1875,"Borough","Borough",,"https://en.wikipedia.org/wiki/Lavallette,_New_Jersey"
"Lawnside","Camden",2945,"Borough","Borough",,"https://en.wikipedia.org/wiki/Lawnside,_New_Jersey"
"Lawrence Township","Mercer",33472,"Township","Faulkner Act (Council-Manager)","Faulkner Act (Council-Manager)","https://en.wikipedia.org/wiki/Lawrence_Township,_Mercer_County,_New_Jersey"
"Lawrence Township","Cumberland",3290,"Township","Township",,"https://en.wikipedia.org/wiki/Lawrence_Township,_Cumberland_County,_New_Jersey"
"Lebanon","Hunterdon",1358,"Borough","Borough",,"https://en.wikipedia.org/wiki/Lebanon,_New_Jersey"
"Lebanon Township","Hunterdon",6588,"Township","Township",,"https://en.wikipedia.org/wiki/Lebanon_Township,_New_Jersey"
"Leonia","Bergen",8937,"Borough","Borough",,"https://en.wikipedia.org/wiki/Leonia,_New_Jersey"
"Liberty Township","Warren",2942,"Township","Township",,"https://en.wikipedia.org/wiki/Liberty_Township,_New_Jersey"
"Lincoln Park","Morris",10521,"Borough","Faulkner Act (Mayor-Council)",,"https://en.wikipedia.org/wiki/Lincoln_Park,_New_Jersey"
"Linden","Union",40499,"City","City","City (New Jersey)","https://en.wikipedia.org/wiki/Linden,_New_Jersey"
"Lindenwold","Camden",17613,"Borough","Borough",,"https://en.wikipedia.org/wiki/Lindenwold,_New_Jersey"
"Linwood","Atlantic",7092,"City","City","City (New Jersey)","https://en.wikipedia.org/wiki/Linwood,_New_Jersey"
"Little Egg Harbor Township","Ocean",20065,"Township","Township",,"https://en.wikipedia.org/wiki/Little_Egg_Harbor_Township,_New_Jersey"
"Little Falls","Passaic",14432,"Township","Faulkner Act (Mayor-Council)",,"https://en.wikipedia.org/wiki/Little_Falls,_New_Jersey"
"Little Ferry","Bergen",10626,"Borough","Borough",,"https://en.wikipedia.org/wiki/Little_Ferry,_New_Jersey"
"Little Silver","Monmouth",5950,"Borough","Borough",,"https://en.wikipedia.org/wiki/Little_Silver,_New_Jersey"
"Livingston","Essex",29366,"Township","Faulkner Act (Council-Manager)","Faulkner Act (Council-Manager)","https://en.wikipedia.org/wiki/Livingston,_New_Jersey"
"Loch Arbour","Monmouth",194,"Village","Village","Walsh Act","https://en.wikipedia.org/wiki/Loch_Arbour,_New_Jersey"
"Lodi","Bergen",24136,"Borough","1923 Municipal Manager Law","1923 Municipal Manager Law","https://en.wikipedia.org/wiki/Lodi,_New_Jersey"
"Logan Township","Gloucester",6042,"Township","Faulkner Act (Small Municipality)","Faulkner Act (Small Municipality)","https://en.wikipedia.org/wiki/Logan_Township,_New_Jersey"
"Long Beach Township","Ocean",3051,"Township","Walsh Act","Walsh Act","https://en.wikipedia.org/wiki/Long_Beach_Township,_New_Jersey"
"Long Branch","Monmouth",30719,"City","Faulkner Act (Mayor-Council)","Faulkner Act (Mayor-Council)","https://en.wikipedia.org/wiki/Long_Branch,_New_Jersey"
"Long Hill Township","Morris",8702,"Township","Township",,"https://en.wikipedia.org/wiki/Long_Hill_Township,_New_Jersey"
"Longport","Atlantic",895,"Borough","Walsh Act","Walsh Act","https://en.wikipedia.org/wiki/Longport,_New_Jersey"
"Lopatcong Township","Warren",8014,"Township","Faulkner Act (Small Municipality)","Faulkner Act (Small Municipality)","https://en.wikipedia.org/wiki/Lopatcong_Township,_New_Jersey"
"Lower Alloways Creek Township","Salem",1770,"Township","Township",,"https://en.wikipedia.org/wiki/Lower_Alloways_Creek_Township,_New_Jersey"
"Lower Township","Cape May",22866,"Township","Faulkner Act (Council-Manager)","Faulkner Act (Council-Manager)","https://en.wikipedia.org/wiki/Lower_Township,_New_Jersey"
"Lumberton Township","Burlington",12559,"Township","Township",,"https://en.wikipedia.org/wiki/Lumberton_Township,_New_Jersey"
"Lyndhurst","Bergen",20554,"Township","Walsh Act","Walsh Act","https://en.wikipedia.org/wiki/Lyndhurst,_New_Jersey"
"Madison","Morris",15845,"Borough","Borough",,"https://en.wikipedia.org/wiki/Madison,_New_Jersey"
"Magnolia","Camden",4341,"Borough","Borough",,"https://en.wikipedia.org/wiki/Magnolia,_New_Jersey"
"Mahwah","Bergen",25890,"Township","Faulkner Act (Mayor-Council)","Faulkner Act (Mayor-Council)","https://en.wikipedia.org/wiki/Mahwah,_New_Jersey"
"Manalapan Township","Monmouth",38872,"Township","Township","Township (New Jersey)","https://en.wikipedia.org/wiki/Manalapan_Township,_New_Jersey"
"Manasquan","Monmouth",5897,"Borough","Borough",,"https://en.wikipedia.org/wiki/Manasquan,_New_Jersey"
"Manchester Township","Ocean",43070,"Township","Faulkner Act (Mayor-Council)","Faulkner Act (Mayor-Council)","https://en.wikipedia.org/wiki/Manchester_Township,_New_Jersey"
"Mannington Township","Salem",1806,"Township","Township",,"https://en.wikipedia.org/wiki/Mannington_Township,_New_Jersey"
"Mansfield Township","Burlington",8544,"Township","Township",,"https://en.wikipedia.org/wiki/Mansfield_Township,_Burlington_County,_New_Jersey"
"Mansfield Township","Warren",7725,"Township","Township",,"https://en.wikipedia.org/wiki/Mansfield_Township,_Warren_County,_New_Jersey"
"Mantoloking","Ocean",296,"Borough","Borough",,"https://en.wikipedia.org/wiki/Mantoloking,_New_Jersey"
"Mantua Township","Gloucester",15217,"Township","Township",,"https://en.wikipedia.org/wiki/Mantua_Township,_New_Jersey"
"Manville","Somerset",10344,"Borough","Borough",,"https://en.wikipedia.org/wiki/Manville,_New_Jersey"
"Maple Shade Township","Burlington",19131,"Township","Faulkner Act (Council-Manager)","Faulkner Act (Council-Manager)","https://en.wikipedia.org/wiki/Maple_Shade_Township,_New_Jersey"
"Maplewood","Essex",23867,"Township","Township",,"https://en.wikipedia.org/wiki/Maplewood,_New_Jersey"
"Margate City","Atlantic",6354,"City","Walsh Act","Walsh Act","https://en.wikipedia.org/wiki/Margate_City,_New_Jersey"
"Marlboro Township","Monmouth",40191,"Township","Faulkner Act (Mayor-Council)","Faulkner Act (Mayor-Council)","https://en.wikipedia.org/wiki/Marlboro_Township,_New_Jersey"
"Matawan","Monmouth",8810,"Borough","Borough",,"https://en.wikipedia.org/wiki/Matawan,_New_Jersey"
"Maurice River Township","Cumberland",7976,"Township","Township",,"https://en.wikipedia.org/wiki/Maurice_River_Township,_New_Jersey"
"Maywood","Bergen",9555,"Borough","Borough",,"https://en.wikipedia.org/wiki/Maywood,_New_Jersey"
"Medford","Burlington",23033,"Township","Faulkner Act (Council-Manager)","Faulkner Act (Council-Manager)","https://en.wikipedia.org/wiki/Medford,_New_Jersey"
"Medford Lakes","Burlington",4146,"Borough","1923 Municipal Manager Law","1923 Municipal Manager Law","https://en.wikipedia.org/wiki/Medford_Lakes,_New_Jersey"
"Mendham Borough","Morris",4981,"Borough","Borough",,"https://en.wikipedia.org/wiki/Mendham_Borough,_New_Jersey"
"Mendham Township","Morris",5869,"Township","Township",,"https://en.wikipedia.org/wiki/Mendham_Township,_New_Jersey"
"Merchantville","Camden",3821,"Borough","Borough",,"https://en.wikipedia.org/wiki/Merchantville,_New_Jersey"
"Metuchen","Middlesex",13574,"Borough","Borough",,"https://en.wikipedia.org/wiki/Metuchen,_New_Jersey"
"Middle Township","Cape May",18911,"Township","Township",,"https://en.wikipedia.org/wiki/Middle_Township,_New_Jersey"
"Middlesex","Middlesex",13635,"Borough","Borough",,"https://en.wikipedia.org/wiki/Middlesex,_New_Jersey"
"Middletown Township","Monmouth",66522,"Township","Special Charter","Special Charter (New Jersey)","https://en.wikipedia.org/wiki/Middletown_Township,_New_Jersey"
"Midland Park","Bergen",7128,"Borough","Borough",,"https://en.wikipedia.org/wiki/Midland_Park,_New_Jersey"
"Milford","Hunterdon",1233,"Borough","Borough",,"https://en.wikipedia.org/wiki/Milford,_New_Jersey"
"Millburn","Essex",20149,"Township","Township",,"https://en.wikipedia.org/wiki/Millburn,_New_Jersey"
"Millstone","Somerset",418,"Borough","Borough",,"https://en.wikipedia.org/wiki/Millstone,_New_Jersey"
"Millstone Township","Monmouth",10566,"Township","Township",,"https://en.wikipedia.org/wiki/Millstone_Township,_New_Jersey"
"Milltown","Middlesex",6893,"Borough","Borough",,"https://en.wikipedia.org/wiki/Milltown,_New_Jersey"
"Millville","Cumberland",28400,"City","Walsh Act","Walsh Act","https://en.wikipedia.org/wiki/Millville,_New_Jersey"
"Mine Hill Township","Morris",3651,"Township","Faulkner Act (Mayor-Council)",,"https://en.wikipedia.org/wiki/Mine_Hill_Township,_New_Jersey"
"Monmouth Beach","Monmouth",3279,"Borough","Walsh Act","Walsh Act","https://en.wikipedia.org/wiki/Monmouth_Beach,_New_Jersey"
"Monroe","Middlesex",39132,"Township","Faulkner Act (Mayor-Council)","Faulkner Act (Mayor-Council)","https://en.wikipedia.org/wiki/Monroe_Township,_Middlesex_County,_New_Jersey"
"Monroe","Gloucester",36129,"Township","Faulkner Act (Mayor-Council)","Faulkner Act (Mayor-Council)","https://en.wikipedia.org/wiki/Monroe_Township,_Gloucester_County,_New_Jersey"
"Montague Township","Sussex",3847,"Township","Township",,"https://en.wikipedia.org/wiki/Montague_Township,_New_Jersey"
"Montclair","Essex",37669,"Township","Faulkner Act (Council-Manager)","Faulkner Act (Council-Manager)","https://en.wikipedia.org/wiki/Montclair,_New_Jersey"
"Montgomery Township","Somerset",22254,"Township","Township",,"https://en.wikipedia.org/wiki/Montgomery_Township,_New_Jersey"
"Montvale","Bergen",7844,"Borough","Borough",,"https://en.wikipedia.org/wiki/Montvale,_New_Jersey"
"Montville","Morris",21528,"Township","Special Charter","Special Charter (New Jersey)","https://en.wikipedia.org/wiki/Montville,_New_Jersey"
"Moonachie","Bergen",2708,"Borough","Borough",,"https://en.wikipedia.org/wiki/Moonachie,_New_Jersey"
"Moorestown Township","Burlington",20726,"Township","Faulkner Act (Council-Manager)","Faulkner Act (Council-Manager)","https://en.wikipedia.org/wiki/Moorestown_Township,_New_Jersey"
"Morris Plains","Morris",5532,"Borough","Borough",,"https://en.wikipedia.org/wiki/Morris_Plains,_New_Jersey"
"Morris Township","Morris",22306,"Township","Township",,"https://en.wikipedia.org/wiki/Morris_Township,_New_Jersey"
"Morristown","Morris",18411,"Town","Faulkner Act (Mayor-Council)",,"https://en.wikipedia.org/wiki/Morristown,_New_Jersey"
"Mount Arlington","Morris",5050,"Borough","Borough",,"https://en.wikipedia.org/wiki/Mount_Arlington,_New_Jersey"
"Mount Ephraim","Camden",4676,"Borough","Walsh Act","Walsh Act","https://en.wikipedia.org/wiki/Mount_Ephraim,_New_Jersey"
"Mount Holly Township","Burlington",9536,"Township","Faulkner Act (Council-Manager)","Faulkner Act (Council-Manager)","https://en.wikipedia.org/wiki/Mount_Holly_Township,_New_Jersey"
"Mount Laurel Township","Burlington",41864,"Township","Faulkner Act (Council-Manager)","Faulkner Act (Council-Manager)","https://en.wikipedia.org/wiki/Mount_Laurel_Township,_New_Jersey"
"Mount Olive Township","Morris",28117,"Township","Faulkner Act (Mayor-Council)","Faulkner Act (Mayor-Council)","https://en.wikipedia.org/wiki/Mount_Olive_Township,_New_Jersey"
"Mountain Lakes","Morris",4160,"Borough","Faulkner Act (Council-Manager)","Faulkner Act (Council-Manager)","https://en.wikipedia.org/wiki/Mountain_Lakes,_New_Jersey"
"Mountainside","Union",6685,"Borough","Faulkner Act (Mayor-Council)",,"https://en.wikipedia.org/wiki/Mountainside,_New_Jersey"
"Mullica Township","Atlantic",6147,"Township","Township",,"https://en.wikipedia.org/wiki/Mullica_Township,_New_Jersey"
"National Park","Gloucester",3036,"Borough","Borough",,"https://en.wikipedia.org/wiki/National_Park,_New_Jersey"
"Neptune City","Monmouth",4869,"Borough","Borough",,"https://en.wikipedia.org/wiki/Neptune_City,_New_Jersey"
"Neptune Township","Monmouth",27935,"Township","Township","Township (New Jersey)","https://en.wikipedia.org/wiki/Neptune_Township,_New_Jersey"
"Netcong","Morris",3232,"Borough","Borough",,"https://en.wikipedia.org/wiki/Netcong,_New_Jersey"
"New Brunswick","Middlesex",55181,"City","Faulkner Act (Mayor-Council)","Faulkner Act (Mayor-Council)","https://en.wikipedia.org/wiki/New_Brunswick,_New_Jersey"
"New Hanover Township","Burlington",7385,"Township","Township",,"https://en.wikipedia.org/wiki/New_Hanover_Township,_New_Jersey"
"New Milford","Bergen",16341,"Borough","Borough",,"https://en.wikipedia.org/wiki/New_Milford,_New_Jersey"
"New Providence","Union",12171,"Borough","Borough",,"https://en.wikipedia.org/wiki/New_Providence,_New_Jersey"
"Newark","Essex",277140,"City","Faulkner Act (Mayor-Council)","Faulkner Act (Mayor-Council)","https://en.wikipedia.org/wiki/Newark,_New_Jersey"
"Newfield","Gloucester",1553,"Borough","Borough",,"https://en.wikipedia.org/wiki/Newfield,_New_Jersey"
"Newton","Sussex",7997,"Town","Faulkner Act (Council-Manager)","Faulkner Act (Council-Manager)","https://en.wikipedia.org/wiki/Newton,_New_Jersey"
"North Arlington","Bergen",15392,"Borough","Borough",,"https://en.wikipedia.org/wiki/North_Arlington,_New_Jersey"
"North Bergen","Hudson",60773,"Township","Walsh Act","Walsh Act","https://en.wikipedia.org/wiki/North_Bergen,_New_Jersey"
"North Brunswick","Middlesex",40742,"Township","Faulkner Act (Mayor-Council-Administrator)","Faulkner Act (Mayor-Council-Administrator)","https://en.wikipedia.org/wiki/North_Brunswick,_New_Jersey"
"North Caldwell","Essex",6183,"Borough","Borough",,"https://en.wikipedia.org/wiki/North_Caldwell,_New_Jersey"
"North Haledon","Passaic",8417,"Borough","Borough",,"https://en.wikipedia.org/wiki/North_Haledon,_New_Jersey"
"North Hanover Township","Burlington",7678,"Township","Township",,"https://en.wikipedia.org/wiki/North_Hanover_Township,_New_Jersey"
"North Plainfield","Somerset",21936,"Borough","Borough",,"https://en.wikipedia.org/wiki/North_Plainfield,_New_Jersey"
"North Wildwood","Cape May",4041,"City","City","City (New Jersey)","https://en.wikipedia.org/wiki/North_Wildwood,_New_Jersey"
"Northfield","Atlantic",8624,"City","City","City (New Jersey)","https://en.wikipedia.org/wiki/Northfield,_New_Jersey"
"Northvale","Bergen",4640,"Borough","Borough",,"https://en.wikipedia.org/wiki/Northvale,_New_Jersey"
"Norwood","Bergen",5711,"Borough","Borough",,"https://en.wikipedia.org/wiki/Norwood,_New_Jersey"
"Nutley","Essex",28370,"Township","Walsh Act","Walsh Act","https://en.wikipedia.org/wiki/Nutley,_New_Jersey"
"Oakland","Bergen",12754,"Borough","Borough",,"https://en.wikipedia.org/wiki/Oakland,_New_Jersey"
"Oaklyn","Camden",4038,"Borough","Borough",,"https://en.wikipedia.org/wiki/Oaklyn,_New_Jersey"
"Ocean City","Cape May",11701,"City","Faulkner Act (Mayor-Council)",,"https://en.wikipedia.org/wiki/Ocean_City,_New_Jersey"
"Ocean Gate","Ocean",2011,"Borough","Borough",,"https://en.wikipedia.org/wiki/Ocean_Gate,_New_Jersey"
"Ocean Township","Monmouth",27291,"Township","Faulkner Act (Council-Manager)","Faulkner Act (Council-Manager)","https://en.wikipedia.org/wiki/Ocean_Township,_Monmouth_County,_New_Jersey"
"Ocean Township","Ocean",8332,"Township","Township",,"https://en.wikipedia.org/wiki/Ocean_Township,_Ocean_County,_New_Jersey"
"Oceanport","Monmouth",5832,"Borough","Borough",,"https://en.wikipedia.org/wiki/Oceanport,_New_Jersey"
"Ogdensburg","Sussex",2410,"Borough","Borough",,"https://en.wikipedia.org/wiki/Ogdensburg,_New_Jersey"
"Old Bridge Township","Middlesex",65375,"Township","Faulkner Act (Mayor-Council)","Faulkner Act (Mayor-Council)","https://en.wikipedia.org/wiki/Old_Bridge_Township,_New_Jersey"
"Old Tappan","Bergen",5750,"Borough","Borough",,"https://en.wikipedia.org/wiki/Old_Tappan,_New_Jersey"
"Oldmans Township","Salem",1773,"Township","Township",,"https://en.wikipedia.org/wiki/Oldmans_Township,_New_Jersey"
"Oradell","Bergen",7978,"Borough","Borough",,"https://en.wikipedia.org/wiki/Oradell,_New_Jersey"
"Orange","Essex",30134,"Township","Faulkner Act (Mayor-Council)","Faulkner Act (Mayor-Council)","https://en.wikipedia.org/wiki/Orange,_New_Jersey"
"Oxford Township","Warren",2514,"Township","Township",,"https://en.wikipedia.org/wiki/Oxford_Township,_New_Jersey"
"Palisades Park","Bergen",19622,"Borough","Borough",,"https://en.wikipedia.org/wiki/Palisades_Park,_New_Jersey"
"Palmyra","Burlington",7398,"Borough","Borough",,"https://en.wikipedia.org/wiki/Palmyra,_New_Jersey"
"Paramus","Bergen",26342,"Borough","Borough","Borough (New Jersey)","https://en.wikipedia.org/wiki/Paramus,_New_Jersey"
"Park Ridge","Bergen",8645,"Borough","Borough",,"https://en.wikipedia.org/wiki/Park_Ridge,_New_Jersey"
"Parsippany-Troy Hills","Morris",53238,"Township","Faulkner Act (Mayor-Council)","Faulkner Act (Mayor-Council)","https://en.wikipedia.org/wiki/Parsippany-Troy_Hills,_New_Jersey"
"Passaic","Passaic",69781,"City","Faulkner Act (Mayor-Council)","Faulkner Act (Mayor-Council)","https://en.wikipedia.org/wiki/Passaic,_New_Jersey"
"Paterson","Passaic",146199,"City","Faulkner Act (Mayor-Council)","Faulkner Act (Mayor-Council)","https://en.wikipedia.org/wiki/Paterson,_New_Jersey"
"Paulsboro","Gloucester",6097,"Borough","Borough",,"https://en.wikipedia.org/wiki/Paulsboro,_New_Jersey"
"Peapack-Gladstone","Somerset",2582,"Borough","Borough",,"https://en.wikipedia.org/wiki/Peapack-Gladstone,_New_Jersey"
"Pemberton","Burlington",1409,"Borough","Borough",,"https://en.wikipedia.org/wiki/Pemberton,_New_Jersey"
"Pemberton Township","Burlington",27912,"Township","Faulkner Act (Mayor-Council)","Faulkner Act (Mayor-Council)","https://en.wikipedia.org/wiki/Pemberton_Township,_New_Jersey"
"Pennington","Mercer",2585,"Borough","Borough",,"https://en.wikipedia.org/wiki/Pennington,_New_Jersey"
"Penns Grove","Salem",5147,"Borough","Borough",,"https://en.wikipedia.org/wiki/Penns_Grove,_New_Jersey"
"Pennsauken Township","Camden",35885,"Township","Township","Township (New Jersey)","https://en.wikipedia.org/wiki/Pennsauken_Township,_New_Jersey"
"Pennsville Township","Salem",13409,"Township","Township",,"https://en.wikipedia.org/wiki/Pennsville_Township,_New_Jersey"
"Pequannock Township","Morris",15540,"Township","Faulkner Act (Council-Manager)","Faulkner Act (Council-Manager)","https://en.wikipedia.org/wiki/Pequannock_Township,_New_Jersey"
"Perth Amboy","Middlesex",50814,"City","Faulkner Act (Mayor-Council)","Faulkner Act (Mayor-Council)","https://en.wikipedia.org/wiki/Perth_Amboy,_New_Jersey"
"Phillipsburg","Warren",14950,"Town","Faulkner Act (Mayor-Council)",,"https://en.wikipedia.org/wiki/Phillipsburg,_New_Jersey"
"Pilesgrove Township","Salem",4016,"Township","Township",,"https://en.wikipedia.org/wiki/Pilesgrove_Township,_New_Jersey"
"Pine Beach","Ocean",2127,"Borough","Borough",,"https://en.wikipedia.org/wiki/Pine_Beach,_New_Jersey"
"Pine Hill","Camden",10233,"Borough","Borough",,"https://en.wikipedia.org/wiki/Pine_Hill,_New_Jersey"
"Pine Valley","Camden",12,"Borough","Walsh Act","Walsh Act","https://en.wikipedia.org/wiki/Pine_Valley,_New_Jersey"
"Piscataway","Middlesex",56044,"Township","Faulkner Act (Mayor-Council)","Faulkner Act (Mayor-Council)","https://en.wikipedia.org/wiki/Piscataway,_New_Jersey"
"Pitman","Gloucester",9011,"Borough","Borough",,"https://en.wikipedia.org/wiki/Pitman,_New_Jersey"
"Pittsgrove Township","Salem",9393,"Township","Township",,"https://en.wikipedia.org/wiki/Pittsgrove_Township,_New_Jersey"
"Plainfield","Union",49808,"City","Special Charter","Special Charter (New Jersey)","https://en.wikipedia.org/wiki/Plainfield,_New_Jersey"
"Plainsboro Township","Middlesex",22999,"Township","Township",,"https://en.wikipedia.org/wiki/Plainsboro_Township,_New_Jersey"
"Pleasantville","Atlantic",20249,"City","City","City (New Jersey)","https://en.wikipedia.org/wiki/Pleasantville,_New_Jersey"
"Plumsted Township","Ocean",8421,"Township","Township",,"https://en.wikipedia.org/wiki/Plumsted_Township,_New_Jersey"
"Pohatcong Township","Warren",3339,"Township","Faulkner Act (Small Municipality)","Faulkner Act (Small Municipality)","https://en.wikipedia.org/wiki/Pohatcong_Township,_New_Jersey"
"Point Pleasant","Ocean",18392,"Borough","Borough",,"https://en.wikipedia.org/wiki/Point_Pleasant,_New_Jersey"
"Point Pleasant Beach","Ocean",4665,"Borough","Borough",,"https://en.wikipedia.org/wiki/Point_Pleasant_Beach,_New_Jersey"
"Pompton Lakes","Passaic",11097,"Borough","Borough",,"https://en.wikipedia.org/wiki/Pompton_Lakes,_New_Jersey"
"Port Republic","Atlantic",1115,"City","City","City (New Jersey)","https://en.wikipedia.org/wiki/Port_Republic,_New_Jersey"
"Princeton","Mercer",28572,"Borough","Borough","Borough (New Jersey)","https://en.wikipedia.org/wiki/Princeton,_New_Jersey"
"Prospect Park","Passaic",5865,"Borough","Borough",,"https://en.wikipedia.org/wiki/Prospect_Park,_New_Jersey"
"Quinton Township","Salem",2666,"Township","Township",,"https://en.wikipedia.org/wiki/Quinton_Township,_New_Jersey"
"Rahway","Union",27346,"City","Faulkner Act (Mayor-Council)","Faulkner Act (Mayor-Council)","https://en.wikipedia.org/wiki/Rahway,_New_Jersey"
"Ramsey","Bergen",14473,"Borough","Borough",,"https://en.wikipedia.org/wiki/Ramsey,_New_Jersey"
"Randolph","Morris",25734,"Township","Faulkner Act (Council-Manager)","Faulkner Act (Council-Manager)","https://en.wikipedia.org/wiki/Randolph,_New_Jersey"
"Raritan","Somerset",6881,"Borough","Borough",,"https://en.wikipedia.org/wiki/Raritan,_New_Jersey"
"Raritan Township","Hunterdon",22185,"Township","Township",,"https://en.wikipedia.org/wiki/Raritan_Township,_New_Jersey"
"Readington Township","Hunterdon",16126,"Township","Township",,"https://en.wikipedia.org/wiki/Readington_Township,_New_Jersey"
"Red Bank","Monmouth",12206,"Borough","Borough",,"https://en.wikipedia.org/wiki/Red_Bank,_New_Jersey"
"Ridgefield","Bergen",11032,"Borough","Borough",,"https://en.wikipedia.org/wiki/Ridgefield,_New_Jersey"
"Ridgefield Park","Bergen",12729,"Village","Walsh Act","Walsh Act","https://en.wikipedia.org/wiki/Ridgefield_Park,_New_Jersey"
"Ridgewood","Bergen",24958,"Village","Faulkner Act (Council-Manager)","Faulkner Act (Council-Manager)","https://en.wikipedia.org/wiki/Ridgewood,_New_Jersey"
"Ringwood","Passaic",12228,"Borough","Faulkner Act (Council-Manager)","Faulkner Act (Council-Manager)","https://en.wikipedia.org/wiki/Ringwood,_New_Jersey"
"River Edge","Bergen",11340,"Borough","Borough",,"https://en.wikipedia.org/wiki/River_Edge,_New_Jersey"
"River Vale","Bergen",9659,"Township","Faulkner Act (Mayor-Council)",,"https://en.wikipedia.org/wiki/River_Vale,_New_Jersey"
"Riverdale","Morris",3559,"Borough","Borough",,"https://en.wikipedia.org/wiki/Riverdale,_New_Jersey"
"Riverside Township","Burlington",8079,"Township","Township",,"https://en.wikipedia.org/wiki/Riverside_Township,_New_Jersey"
"Riverton","Burlington",2779,"Borough","Borough",,"https://en.wikipedia.org/wiki/Riverton,_New_Jersey"
"Robbinsville Township","Mercer",13642,"Township","Faulkner Act (Mayor-Council)","Faulkner Act (Mayor-Council)","https://en.wikipedia.org/wiki/Robbinsville_Township,_New_Jersey"
"Rochelle Park","Bergen",5530,"Township","Township",,"https://en.wikipedia.org/wiki/Rochelle_Park,_New_Jersey"
"Rockaway","Morris",6438,"Borough","Borough",,"https://en.wikipedia.org/wiki/Rockaway,_New_Jersey"
"Rockaway Township","Morris",24156,"Township","Faulkner Act (Mayor-Council)","Faulkner Act (Mayor-Council)","https://en.wikipedia.org/wiki/Rockaway_Township,_New_Jersey"
"Rockleigh","Bergen",531,"Borough","Borough",,"https://en.wikipedia.org/wiki/Rockleigh,_New_Jersey"
"Rocky Hill","Somerset",682,"Borough","Borough",,"https://en.wikipedia.org/wiki/Rocky_Hill,_New_Jersey"
"Roosevelt","Monmouth",882,"Borough","Borough",,"https://en.wikipedia.org/wiki/Roosevelt,_New_Jersey"
"Roseland","Essex",5819,"Borough","Borough",,"https://en.wikipedia.org/wiki/Roseland,_New_Jersey"
"Roselle","Union",21085,"Borough","Borough",,"https://en.wikipedia.org/wiki/Roselle,_New_Jersey"
"Roselle Park","Union",13297,"Borough","Borough",,"https://en.wikipedia.org/wiki/Roselle_Park,_New_Jersey"
"Roxbury Township","Morris",23324,"Township","Faulkner Act (Council-Manager)","Faulkner Act (Council-Manager)","https://en.wikipedia.org/wiki/Roxbury_Township,_New_Jersey"
"Rumson","Monmouth",7122,"Borough","Borough",,"https://en.wikipedia.org/wiki/Rumson,_New_Jersey"
"Runnemede","Camden",8468,"Borough","Borough",,"https://en.wikipedia.org/wiki/Runnemede,_New_Jersey"
"Rutherford","Bergen",18061,"Borough","Borough",,"https://en.wikipedia.org/wiki/Rutherford,_New_Jersey"
"Saddle Brook","Bergen",13659,"Township","Faulkner Act (Mayor-Council)",,"https://en.wikipedia.org/wiki/Saddle_Brook,_New_Jersey"
"Saddle River","Bergen",3152,"Borough","Borough",,"https://en.wikipedia.org/wiki/Saddle_River,_New_Jersey"
"Salem","Salem",5146,"City","City","City (New Jersey)","https://en.wikipedia.org/wiki/Salem,_New_Jersey"
"Sandyston Township","Sussex",1998,"Township","Township",,"https://en.wikipedia.org/wiki/Sandyston_Township,_New_Jersey"
"Sayreville","Middlesex",42704,"Borough","Borough","Borough (New Jersey)","https://en.wikipedia.org/wiki/Sayreville,_New_Jersey"
"Scotch Plains","Union",23510,"Township","Faulkner Act (Council-Manager)","Faulkner Act (Council-Manager)","https://en.wikipedia.org/wiki/Scotch_Plains,_New_Jersey"
"Sea Bright","Monmouth",1412,"Borough","Borough",,"https://en.wikipedia.org/wiki/Sea_Bright,_New_Jersey"
"Sea Girt","Monmouth",1828,"Borough","Borough",,"https://en.wikipedia.org/wiki/Sea_Girt,_New_Jersey"
"Sea Isle City","Cape May",2114,"City","Faulkner Act (Mayor-Council)","Walsh Act","https://en.wikipedia.org/wiki/Sea_Isle_City,_New_Jersey"
"Seaside Heights","Ocean",2887,"Borough","Borough",,"https://en.wikipedia.org/wiki/Seaside_Heights,_New_Jersey"
"Seaside Park","Ocean",1579,"Borough","Borough",,"https://en.wikipedia.org/wiki/Seaside_Park,_New_Jersey"
"Secaucus","Hudson",16264,"Town","Town","Town (New Jersey)","https://en.wikipedia.org/wiki/Secaucus,_New_Jersey"
"Shamong Township","Burlington",6490,"Township","Township",,"https://en.wikipedia.org/wiki/Shamong_Township,_New_Jersey"
"Shiloh","Cumberland",516,"Borough","Borough",,"https://en.wikipedia.org/wiki/Shiloh,_New_Jersey"
"Ship Bottom","Ocean",1156,"Borough","Borough",,"https://en.wikipedia.org/wiki/Ship_Bottom,_New_Jersey"
"Shrewsbury","Monmouth",3809,"Borough","Borough",,"https://en.wikipedia.org/wiki/Shrewsbury,_New_Jersey"
"Shrewsbury Township","Monmouth",1141,"Township","Township",,"https://en.wikipedia.org/wiki/Shrewsbury_Township,_New_Jersey"
"Somerdale","Camden",5151,"Borough","Borough",,"https://en.wikipedia.org/wiki/Somerdale,_New_Jersey"
"Somers Point","Atlantic",10795,"City","City","City (New Jersey)","https://en.wikipedia.org/wiki/Somers_Point,_New_Jersey"
"Somerville","Somerset",12098,"Borough","Borough",,"https://en.wikipedia.org/wiki/Somerville,_New_Jersey"
"South Amboy","Middlesex",8631,"City","Faulkner Act (Mayor-Council)",,"https://en.wikipedia.org/wiki/South_Amboy,_New_Jersey"
"South Bound Brook","Somerset",4563,"Borough","Borough",,"https://en.wikipedia.org/wiki/South_Bound_Brook,_New_Jersey"
"South Brunswick Township","Middlesex",43417,"Township","Faulkner Act (Council-Manager)","Faulkner Act (Council-Manager)","https://en.wikipedia.org/wiki/South_Brunswick_Township,_New_Jersey"
"South Hackensack","Bergen",2378,"Township","Township",,"https://en.wikipedia.org/wiki/South_Hackensack,_New_Jersey"
"South Harrison Township","Gloucester",3162,"Township","Township",,"https://en.wikipedia.org/wiki/South_Harrison_Township,_New_Jersey"
"South Orange","Essex",16198,"Township[4]","Special Charter","Special Charter (New Jersey)","https://en.wikipedia.org/wiki/South_Orange,_New_Jersey"
"South Plainfield","Middlesex",23385,"Borough","Borough",,"https://en.wikipedia.org/wiki/South_Plainfield,_New_Jersey"
"South River","Middlesex",16008,"Borough","Borough",,"https://en.wikipedia.org/wiki/South_River,_New_Jersey"
"South Toms River","Ocean",3684,"Borough","Borough",,"https://en.wikipedia.org/wiki/South_Toms_River,_New_Jersey"
"Southampton Township","Burlington",10464,"Township","Township",,"https://en.wikipedia.org/wiki/Southampton_Township,_New_Jersey"
"Sparta Township","Sussex",19722,"Township","Faulkner Act (Council-Manager)","Faulkner Act (Council-Manager)","https://en.wikipedia.org/wiki/Sparta_Township,_New_Jersey"
"Spotswood","Middlesex",8257,"Borough","Faulkner Act (Mayor-Council)",,"https://en.wikipedia.org/wiki/Spotswood,_New_Jersey"
"Spring Lake","Monmouth",2993,"Borough","Borough",,"https://en.wikipedia.org/wiki/Spring_Lake,_New_Jersey"
"Spring Lake Heights","Monmouth",4713,"Borough","Borough",,"https://en.wikipedia.org/wiki/Spring_Lake_Heights,_New_Jersey"
"Springfield","Union",15817,"Township","Township",,"https://en.wikipedia.org/wiki/Springfield_Township,_Union_County,_New_Jersey"
"Springfield Township","Burlington",3414,"Township","Faulkner Act (Council-Manager)","Faulkner Act (Council-Manager)","https://en.wikipedia.org/wiki/Springfield_Township,_Burlington_County,_New_Jersey"
"Stafford Township","Ocean",26535,"Township","Faulkner Act (Small Municipality)","Faulkner Act (Small Municipality)","https://en.wikipedia.org/wiki/Stafford_Township,_New_Jersey"
"Stanhope","Sussex",3610,"Borough","Borough",,"https://en.wikipedia.org/wiki/Stanhope,_New_Jersey"
"Stillwater Township","Sussex",4099,"Township","Township",,"https://en.wikipedia.org/wiki/Stillwater_Township,_New_Jersey"
"Stockton","Hunterdon",538,"Borough","Borough",,"https://en.wikipedia.org/wiki/Stockton,_New_Jersey"
"Stone Harbor","Cape May",866,"Borough","Borough",,"https://en.wikipedia.org/wiki/Stone_Harbor,_New_Jersey"
"Stow Creek Township","Cumberland",1431,"Township","Township",,"https://en.wikipedia.org/wiki/Stow_Creek_Township,_New_Jersey"
"Stratford","Camden",7040,"Borough","Borough",,"https://en.wikipedia.org/wiki/Stratford,_New_Jersey"
"Summit","Union",21457,"City","Faulkner Act (Council-Manager)","City (New Jersey)","https://en.wikipedia.org/wiki/Summit,_New_Jersey"
"Surf City","Ocean",1205,"Borough","Borough",,"https://en.wikipedia.org/wiki/Surf_City,_New_Jersey"
"Sussex","Sussex",2130,"Borough","Borough",,"https://en.wikipedia.org/wiki/Sussex,_New_Jersey"
"Swedesboro","Gloucester",2584,"Borough","Borough",,"https://en.wikipedia.org/wiki/Swedesboro,_New_Jersey"
"Tabernacle Township","Burlington",6949,"Township","Township",,"https://en.wikipedia.org/wiki/Tabernacle_Township,_New_Jersey"
"Tavistock","Camden",5,"Borough","Walsh Act","Walsh Act","https://en.wikipedia.org/wiki/Tavistock,_New_Jersey"
"Teaneck","Bergen",39776,"Township","Faulkner Act (Council-Manager)","Faulkner Act (Council-Manager)","https://en.wikipedia.org/wiki/Teaneck,_New_Jersey"
"Tenafly","Bergen",14488,"Borough","Special Charter","Special Charter (New Jersey)","https://en.wikipedia.org/wiki/Tenafly,_New_Jersey"
"Teterboro","Bergen",67,"Borough","1923 Municipal Manager Law","1923 Municipal Manager Law","https://en.wikipedia.org/wiki/Teterboro,_New_Jersey"
"Tewksbury Township","Hunterdon",5993,"Township","Township",,"https://en.wikipedia.org/wiki/Tewksbury_Township,_New_Jersey"
"Tinton Falls","Monmouth",17892,"Borough","Faulkner Act (Mayor-Council)",,"https://en.wikipedia.org/wiki/Tinton_Falls,_New_Jersey"
"Toms River","Ocean",91239,"Township","Faulkner Act (Mayor-Council)","Faulkner Act (Mayor-Council)","https://en.wikipedia.org/wiki/Toms_River,_New_Jersey"
"Totowa","Passaic",10804,"Borough","Borough",,"https://en.wikipedia.org/wiki/Totowa,_New_Jersey"
"Trenton","Mercer",84913,"City","Faulkner Act (Mayor-Council)","Faulkner Act (Mayor-Council)","https://en.wikipedia.org/wiki/Trenton,_New_Jersey"
"Tuckerton","Ocean",3347,"Borough","Borough",,"https://en.wikipedia.org/wiki/Tuckerton,_New_Jersey"
"Union","Union",56642,"Township","Township","Township (New Jersey)","https://en.wikipedia.org/wiki/Union_Township,_Union_County,_New_Jersey"
"Union Beach","Monmouth",6245,"Borough","Borough",,"https://en.wikipedia.org/wiki/Union_Beach,_New_Jersey"
"Union City","Hudson",66455,"City","Walsh Act","Walsh Act","https://en.wikipedia.org/wiki/Union_City,_New_Jersey"
"Union Township","Hunterdon",5908,"Township","Township",,"https://en.wikipedia.org/wiki/Union_Township,_Hunterdon_County,_New_Jersey"
"Upper Deerfield Township","Cumberland",7660,"Township","Township",,"https://en.wikipedia.org/wiki/Upper_Deerfield_Township,_New_Jersey"
"Upper Freehold Township","Monmouth",6902,"Township","Township",,"https://en.wikipedia.org/wiki/Upper_Freehold_Township,_New_Jersey"
"Upper Pittsgrove Township","Salem",3505,"Township","Township",,"https://en.wikipedia.org/wiki/Upper_Pittsgrove_Township,_New_Jersey"
"Upper Saddle River","Bergen",8208,"Borough","Borough",,"https://en.wikipedia.org/wiki/Upper_Saddle_River,_New_Jersey"
"Upper Township","Cape May",12373,"Township","Township",,"https://en.wikipedia.org/wiki/Upper_Township,_New_Jersey"
"Ventnor City","Atlantic",10650,"City","Walsh Act","Walsh Act","https://en.wikipedia.org/wiki/Ventnor_City,_New_Jersey"
"Vernon Township","Sussex",23943,"Township","Faulkner Act (Mayor-Council)","Faulkner Act (Mayor-Council)[3]","https://en.wikipedia.org/wiki/Vernon_Township,_New_Jersey"
"Verona","Essex",13332,"Township","Faulkner Act (Council-Manager)","Faulkner Act (Council-Manager)","https://en.wikipedia.org/wiki/Verona,_New_Jersey"
"Victory Gardens","Morris",1520,"Borough","Borough",,"https://en.wikipedia.org/wiki/Victory_Gardens,_New_Jersey"
"Vineland","Cumberland",60724,"City","Faulkner Act (Mayor-Council)","Faulkner Act (Mayor-Council)","https://en.wikipedia.org/wiki/Vineland,_New_Jersey"
"Voorhees Township","Camden",29131,"Township","Township","Township (New Jersey)","https://en.wikipedia.org/wiki/Voorhees_Township,_New_Jersey"
"Waldwick","Bergen",9625,"Borough","Borough",,"https://en.wikipedia.org/wiki/Waldwick,_New_Jersey"
"Wall Township","Monmouth",26164,"Township","Township","Township (New Jersey)","https://en.wikipedia.org/wiki/Wall_Township,_New_Jersey"
"Wallington","Bergen",11335,"Borough","Borough",,"https://en.wikipedia.org/wiki/Wallington,_New_Jersey"
"Walpack Township","Sussex",16,"Township","Township",,"https://en.wikipedia.org/wiki/Walpack_Township,_New_Jersey"
"Wanaque","Passaic",11116,"Borough","Borough",,"https://en.wikipedia.org/wiki/Wanaque,_New_Jersey"
"Wantage Township","Sussex",11358,"Township","Township",,"https://en.wikipedia.org/wiki/Wantage_Township,_New_Jersey"
"Warren Township","Somerset",15311,"Township","Township",,"https://en.wikipedia.org/wiki/Warren_Township,_New_Jersey"
"Washington","Warren",6461,"Borough","Faulkner Act (Council-Manager)","Faulkner Act (Council-Manager)","https://en.wikipedia.org/wiki/Washington,_New_Jersey"
"Washington","Gloucester",48559,"Township","Faulkner Act (Mayor-Council)","Faulkner Act (Mayor-Council)","https://en.wikipedia.org/wiki/Washington_Township,_Gloucester_County,_New_Jersey"
"Washington","Burlington",687,"Township","Township",,"https://en.wikipedia.org/wiki/Washington_Township,_Burlington_County,_New_Jersey"
"Washington Township","Bergen",9102,"Township","Faulkner Act (Mayor-Council)",,"https://en.wikipedia.org/wiki/Washington_Township,_Bergen_County,_New_Jersey"
"Washington Township","Morris",18533,"Township","Township",,"https://en.wikipedia.org/wiki/Washington_Township,_Morris_County,_New_Jersey"
"Washington Township","Warren",6651,"Township","Township",,"https://en.wikipedia.org/wiki/Washington_Township,_Warren_County,_New_Jersey"
"Watchung","Somerset",5801,"Borough","Borough",,"https://en.wikipedia.org/wiki/Watchung,_New_Jersey"
"Waterford Township","Camden",10649,"Township","Township",,"https://en.wikipedia.org/wiki/Waterford_Township,_New_Jersey"
"Wayne","Passaic",54717,"Township","Faulkner Act (Mayor-Council)","Faulkner Act (Mayor-Council)","https://en.wikipedia.org/wiki/Wayne,_New_Jersey"
"Weehawken","Hudson",12554,"Township","Faulkner Act (Council-Manager)","Faulkner Act (Council-Manager)","https://en.wikipedia.org/wiki/Weehawken,_New_Jersey"
"Wenonah","Gloucester",2278,"Borough","Borough",,"https://en.wikipedia.org/wiki/Wenonah,_New_Jersey"
"West Amwell Township","Hunterdon",3840,"Township","Township",,"https://en.wikipedia.org/wiki/West_Amwell_Township,_New_Jersey"
"West Caldwell","Essex",10759,"Township","Borough",,"https://en.wikipedia.org/wiki/West_Caldwell,_New_Jersey"
"West Cape May","Cape May",1024,"Borough","Walsh Act","Walsh Act","https://en.wikipedia.org/wiki/West_Cape_May,_New_Jersey"
"West Deptford Township","Gloucester",21677,"Township","Township",,"https://en.wikipedia.org/wiki/West_Deptford_Township,_New_Jersey"
"West Long Branch","Monmouth",8097,"Borough","Borough",,"https://en.wikipedia.org/wiki/West_Long_Branch,_New_Jersey"
"West Milford","Passaic",25850,"Township","Faulkner Act (Mayor-Council-Administrator)","Faulkner Act (Mayor-Council-Administrator)","https://en.wikipedia.org/wiki/West_Milford,_New_Jersey"
"West New York","Hudson",49708,"Town","Walsh Act","Walsh Act","https://en.wikipedia.org/wiki/West_New_York,_New_Jersey"
"West Orange","Essex",46207,"Township","Faulkner Act (Mayor-Council)","Faulkner Act (Mayor-Council)","https://en.wikipedia.org/wiki/West_Orange,_New_Jersey"
"West Wildwood","Cape May",603,"Borough","Walsh Act","Walsh Act","https://en.wikipedia.org/wiki/West_Wildwood,_New_Jersey"
"West Windsor Township","Mercer",27165,"Township","Faulkner Act (Mayor-Council)","Faulkner Act (Mayor-Council)","https://en.wikipedia.org/wiki/West_Windsor_Township,_New_Jersey"
"Westampton Township","Burlington",8813,"Township","Township",,"https://en.wikipedia.org/wiki/Westampton_Township,_New_Jersey"
"Westfield","Union",30316,"Town","Special Charter","Special Charter (New Jersey)","https://en.wikipedia.org/wiki/Westfield,_New_Jersey"
"Westville","Gloucester",4288,"Borough","Borough",,"https://en.wikipedia.org/wiki/Westville,_New_Jersey"
"Westwood","Bergen",10908,"Borough","Borough",,"https://en.wikipedia.org/wiki/Westwood,_New_Jersey"
"Weymouth Township","Atlantic",2715,"Township","Township",,"https://en.wikipedia.org/wiki/Weymouth_Township,_New_Jersey"
"Wharton","Morris",6522,"Borough","Borough",,"https://en.wikipedia.org/wiki/Wharton,_New_Jersey"
"White Township","Warren",4882,"Township","Township",,"https://en.wikipedia.org/wiki/White_Township,_New_Jersey"
"Wildwood","Cape May",5325,"City","Walsh Act","Walsh Act","https://en.wikipedia.org/wiki/Wildwood,_New_Jersey"
"Wildwood Crest","Cape May",3270,"Borough","Walsh Act","Walsh Act","https://en.wikipedia.org/wiki/Wildwood_Crest,_New_Jersey"
"Willingboro Township","Burlington",31629,"Township","Faulkner Act (Council-Manager)","Faulkner Act (Council-Manager)","https://en.wikipedia.org/wiki/Willingboro_Township,_New_Jersey"
"Winfield Township","Union",1471,"Township","Township",,"https://en.wikipedia.org/wiki/Winfield_Township,_New_Jersey"
"Winslow Township","Camden",39499,"Township","Township","Township (New Jersey)","https://en.wikipedia.org/wiki/Winslow_Township,_New_Jersey"
"Wood-Ridge","Bergen",7626,"Borough","Borough",,"https://en.wikipedia.org/wiki/Wood-Ridge,_New_Jersey"
"Woodbine","Cape May",2472,"Borough","Borough",,"https://en.wikipedia.org/wiki/Woodbine,_New_Jersey"
"Woodbridge Township","Middlesex",99585,"Township","Faulkner Act (Mayor-Council)","Faulkner Act (Mayor-Council)","https://en.wikipedia.org/wiki/Woodbridge_Township,_New_Jersey"
"Woodbury","Gloucester",10174,"City","City","City (New Jersey)","https://en.wikipedia.org/wiki/Woodbury,_New_Jersey"
"Woodbury Heights","Gloucester",3055,"Borough","Borough",,"https://en.wikipedia.org/wiki/Woodbury_Heights,_New_Jersey"
"Woodcliff Lake","Bergen",5730,"Borough","Borough",,"https://en.wikipedia.org/wiki/Woodcliff_Lake,_New_Jersey"
"Woodland Park","Passaic",11819,"Borough","Faulkner Act (Small Municipality)","Faulkner Act (Small Municipality)","https://en.wikipedia.org/wiki/Woodland_Park,_New_Jersey"
"Woodland Township","Burlington",1788,"Township","Township",,"https://en.wikipedia.org/wiki/Woodland_Township,_New_Jersey"
"Woodlynne","Camden",2978,"Borough","Borough",,"https://en.wikipedia.org/wiki/Woodlynne,_New_Jersey"
"Woodstown","Salem",3505,"Borough","Borough",,"https://en.wikipedia.org/wiki/Woodstown,_New_Jersey"
"Woolwich Township","Gloucester",10200,"Township","Township",,"https://en.wikipedia.org/wiki/Woolwich_Township,_New_Jersey"
"Wrightstown","Burlington",802,"Borough","Borough",,"https://en.wikipedia.org/wiki/Wrightstown,_New_Jersey"
"Wyckoff","Bergen",16696,"Township","Township",,"https://en.wikipedia.org/wiki/Wyckoff,_New_Jersey"
